cnn,ml,train,test,type,mae,cs5,baseline_mae
resnet50,mlp,appa,appa,cv,9.983,,
resnet50,mlp,appa,fgnet,cross,11.003,26.95,18.038
resnet50,mlp,appa,morph,cross,8.926,33.52,9.324
resnet50,mlp,appa,utkface,cross,12.313,28.81,15.059
resnet50,mlp,fgnet,appa,cross,14.103,24.2,17.696
resnet50,mlp,fgnet,fgnet,cv,7.028,,
resnet50,mlp,fgnet,morph,cross,10.948,28.51,16.957
resnet50,mlp,fgnet,utkface,cross,16.147,28.03,20.842
resnet50,mlp,morph,appa,cross,17.252,18.8,13.624
resnet50,mlp,morph,fgnet,cross,21.261,10.52,19.292
resnet50,mlp,morph,morph,cv,6.471,,
resnet50,mlp,morph,utkface,cross,14.997,23.61,15.268
resnet50,mlp,utkface,appa,cross,13.628,24.56,13.729
resnet50,mlp,utkface,fgnet,cross,12.74,26.85,19.645
resnet50,mlp,utkface,morph,cross,9.973,30.03,9.266
resnet50,mlp,utkface,utkface,cv,9.371,,
resnet50,xgboost,appa,appa,cv,10.128,,
resnet50,xgboost,appa,fgnet,cross,12.972,17.03,18.038
resnet50,xgboost,appa,morph,cross,10.16,28.53,9.324
resnet50,xgboost,appa,utkface,cross,11.291,31.58,15.059
resnet50,xgboost,fgnet,appa,cross,13.883,25.85,17.696
resnet50,xgboost,fgnet,fgnet,cv,7.179,,
resnet50,xgboost,fgnet,morph,cross,9.241,31.88,16.957
resnet50,xgboost,fgnet,utkface,cross,13.547,32.58,20.842
resnet50,xgboost,morph,appa,cross,13.436,22.84,13.624
resnet50,xgboost,morph,fgnet,cross,13.868,15.13,19.292
resnet50,xgboost,morph,morph,cv,6.067,,
resnet50,xgboost,morph,utkface,cross,12.808,26.44,15.268
resnet50,xgboost,utkface,appa,cross,12.536,25.54,13.729
resnet50,xgboost,utkface,fgnet,cross,12.984,23.55,19.645
resnet50,xgboost,utkface,morph,cross,13.288,18.69,9.266
resnet50,xgboost,utkface,utkface,cv,9.277,,
convnext,mlp,appa,appa,cv,9.133,,
convnext,mlp,appa,fgnet,cross,10.069,23.65,18.038
convnext,mlp,appa,morph,cross,10.39,27.46,9.324
convnext,mlp,appa,utkface,cross,11.701,31.15,15.059
convnext,mlp,fgnet,appa,cross,11.43,28.98,17.696
convnext,mlp,fgnet,fgnet,cv,6.365,,
convnext,mlp,fgnet,morph,cross,13.922,18.81,16.957
convnext,mlp,fgnet,utkface,cross,13.296,29.37,20.842
convnext,mlp,morph,appa,cross,14.596,22.35,13.624
convnext,mlp,morph,fgnet,cross,17.968,14.13,19.292
convnext,mlp,morph,morph,cv,5.798,,
convnext,mlp,morph,utkface,cross,15.732,16.85,15.268
convnext,mlp,utkface,appa,cross,11.807,26.45,13.729
convnext,mlp,utkface,fgnet,cross,9.834,36.17,19.645
convnext,mlp,utkface,morph,cross,9.274,32.4,9.266
convnext,mlp,utkface,utkface,cv,8.949,,
convnext,xgboost,appa,appa,cv,9.209,,
convnext,xgboost,appa,fgnet,cross,12.09,17.64,18.038
convnext,xgboost,appa,morph,cross,8.444,33.6,9.324
convnext,xgboost,appa,utkface,cross,10.397,36.63,15.059
convnext,xgboost,fgnet,appa,cross,12.814,31.13,17.696
convnext,xgboost,fgnet,fgnet,cv,6.42,,
convnext,xgboost,fgnet,morph,cross,8.632,34.48,16.957
convnext,xgboost,fgnet,utkface,cross,14.325,31.25,20.842
convnext,xgboost,morph,appa,cross,12.871,25.37,13.624
convnext,xgboost,morph,fgnet,cross,15.216,13.83,19.292
convnext,xgboost,morph,morph,cv,5.758,,
convnext,xgboost,morph,utkface,cross,13.267,26.3,15.268
convnext,xgboost,utkface,appa,cross,10.834,29.82,13.729
convnext,xgboost,utkface,fgnet,cross,11.335,22.85,19.645
convnext,xgboost,utkface,morph,cross,8.712,32.38,9.266
convnext,xgboost,utkface,utkface,cv,9.06,,
